[{"sidebar":["search-2","zee_ad-2","zee_ad-3","tag_cloud-2","categories-2"],"bottom":["text-2","nav_menu-2","zee_recent_posts-2","text-3"]},{"":{"ction":null,"_multiwidget":null,"wpnonce":null,"wp_http_referer":null},"search":{"2":{"title":""},"_multiwidget":1},"zee_ad":{"2":{"url":"#","url2":"#","img_src":"http:\/\/192.168.1.95\/wordpress\/flat-theme\/wp-content\/uploads\/2013\/09\/ad1.png","img_src2":"http:\/\/192.168.1.95\/wordpress\/flat-theme\/wp-content\/uploads\/2013\/09\/ad2.png","image_uri":""},"3":{"url":"#","url2":"#","img_src":"http:\/\/192.168.1.95\/wordpress\/flat-theme\/wp-content\/uploads\/2013\/09\/ad4.png","img_src2":"http:\/\/192.168.1.95\/wordpress\/flat-theme\/wp-content\/uploads\/2013\/09\/ad3.png","image_uri":""},"_multiwidget":1},"tag_cloud":{"2":{"title":"tag cloud","taxonomy":"post_tag"},"_multiwidget":1},"categories":{"2":{"title":"","count":0,"hierarchical":0,"dropdown":0},"_multiwidget":1},"text":{"2":{"title":"About Us","text":"Pellentesque habitant morbi tristique senectus et netus et malesuada fames ac turpis egestas. Vestibulum tortor quam, feugiat vitae, ultricies eget, tempor sit amet, ante.\r\n\r\nPellentesque habitant morbi tristique senectus.","filter":false},"3":{"title":"Address","text":"<address>\r\n\t<strong>Twitter, Inc.<\/strong><br>\r\n\t795 Folsom Ave, Suite 600<br>\r\n\tSan Francisco, CA 94107<br>\r\n\t<abbr title=\"Phone\">P:<\/abbr> (123) 456-7890\r\n<\/address>\r\n<h4>Newsletter<\/h4>\r\n<form role=\"form\">\r\n\t<div class=\"input-group\">\r\n\t\t<input type=\"text\" class=\"form-control\" autocomplete=\"off\" placeholder=\"Enter your email\">\r\n\t\t<span class=\"input-group-btn\">\r\n\t\t\t<button class=\"btn btn-danger\" type=\"button\">Go!<\/button>\r\n\t\t<\/span>\r\n\t<\/div>\r\n<\/form>","filter":false},"_multiwidget":1},"nav_menu":{"2":{"title":"Company","nav_menu":5},"_multiwidget":1},"zee_recent_posts":{"2":{"title":"Recent Posts","count":"3"},"_multiwidget":1}}]